{
    "$schema": "https://schema.management.azure.com/schemas/2015-01-01/deploymentParameters.json#",
    "contentVersion": "1.0.0.0",
    "parameters": {
      "name": {
        "value": "#{{  environment-lower }}#{{ lower(proj ) }}#{{ lower(nc_infrastructure) }}#{{ lower(nc_storageaccount) }}#{{ subscriptionNumber }}#{{ regionNumber }}#{{ envId }}"
      },
      "publicNetworkAccess": {
        "value": "Disabled"
      },
      "vnetName": {
        "value": "#{{ environment }}#{{ proj }}#{{ nc_network }}#{{ nc_virtualnetwork }}#{{ subscriptionNumber }}#{{ regionNumber }}#{{ vnet01id }}"
      },
      "subnetName": {
        "value": "#{{ environment }}#{{ proj }}#{{ nc_network }}#{{ nc_subnet }}#{{ subscriptionNumber }}#{{ regionNumber }}#{{ subnet01id }}"
      },
      "vnetRg": {
        "value": "#{{ environment }}#{{ proj }}#{{ nc_network }}#{{ nc_resourcegroup }}#{{ subscriptionNumber }}#{{ regionNumber }}#{{ envId }}"
      },
      "laWorkspaceName": {
        "value": "#{{ environment }}#{{ proj }}#{{ nc_infrastructure }}#{{ nc_loganalytics }}#{{ subscriptionNumber }}#{{ regionNumber }}#{{ envId }}"
      },
      "tags": {
        "value": {
          "Environment": "#{{ environment }}",
          "ServiceCode": "#{{ proj  }}"
        }
      }
    }
  } 