{
  "$schema": "https://schema.management.azure.com/schemas/2019-04-01/deploymentParameters.json#",
  "contentVersion": "1.0.0.0",
  "parameters": {
    "serviceCodeName": {
      "value": "#{{ serviceCodeTag }}"
    },
    "ServiceNName": {
      "value": "#{{ serviceNameTag }}"
    },
    "ServiceTypeName": {
      "value": "#{{ serviceTypeTag }}"
    },
    "vnetInfra": {
      "value": {
        "name": "#{{ environment }}#{{ proj }}#{{ nc_network }}#{{ nc_virtualnetwork }}#{{ subscriptionNumber }}#{{ regionNumber }}#{{ vnet01id }}",
        "addressPrefix": [
          "#{{ Vnet01Range }}"
        ],
        "subnets": [
          {
            "name": "#{{ environment }}#{{ proj }}#{{ nc_network }}#{{ nc_subnet }}#{{ subscriptionNumber }}#{{ regionNumber }}#{{ subnet01id }}",
            "properties": {
              "addressPrefix": "#{{ subnet01Range }}",
              "serviceEndpoints": [
                {
                  "service": "Microsoft.KeyVault"
                },
                {
                  "service": "Microsoft.ServiceBus"
                },
                {
                  "service": "Microsoft.Sql"
                },
                {
                  "service": "Microsoft.Storage"
                },
                {
                  "service": "Microsoft.Web"
                },
                {
                  "service": "Microsoft.EventHub"
                }
              ],
              "networkSecurityGroup": {
                "id": "/subscriptions/#{{ subscriptionId }}/resourceGroups/#{{ environment }}#{{ proj }}#{{ nc_network }}#{{ nc_resourcegroup }}#{{ subscriptionNumber }}#{{ regionNumber }}#{{ envId }}/providers/Microsoft.Network/networkSecurityGroups/#{{ environment }}#{{ proj }}#{{ nc_network }}#{{ nc_nsg }}#{{ subscriptionNumber }}#{{ regionNumber }}#{{ nsg01id }}"
              },
              "routeTable": {
                "id": "/subscriptions/#{{ subscriptionId }}/resourceGroups/#{{ environment }}#{{ proj }}#{{ nc_network }}#{{ nc_resourcegroup }}#{{ subscriptionNumber }}#{{ regionNumber }}#{{ envId }}/providers/Microsoft.Network/routeTables/UDR-Spoke-Route-From-#{{ environment }}#{{ proj }}#{{ nc_network }}#{{ nc_virtualnetwork }}#{{ subscriptionNumber }}#{{ regionNumber }}#{{ vnet01id }}"
              },
              "privateEndpointNetworkPolicies": "Enabled",
              "privateLinkServiceNetworkPolicies": "Enabled"
            }
          },
          {
            "name": "#{{ environment }}#{{ proj }}#{{ nc_network }}#{{ nc_subnet }}#{{ subscriptionNumber }}#{{ regionNumber }}#{{ subnet02id }}",
            "properties": {
              "addressPrefix": "#{{ subnet02Range }}",
              "serviceEndpoints": [
                {
                  "service": "Microsoft.KeyVault"
                },
                {
                  "service": "Microsoft.ServiceBus"
                },
                {
                  "service": "Microsoft.Sql"
                },
                {
                  "service": "Microsoft.Storage"
                },
                {
                  "service": "Microsoft.Web"
                },
                {
                  "service": "Microsoft.EventHub"
                }
              ],
              "networkSecurityGroup": {
                "id": "/subscriptions/#{{ subscriptionId }}/resourceGroups/#{{ environment }}#{{ proj }}#{{ nc_network }}#{{ nc_resourcegroup }}#{{ subscriptionNumber }}#{{ regionNumber }}#{{ envId }}/providers/Microsoft.Network/networkSecurityGroups/#{{ environment }}#{{ proj }}#{{ nc_network }}#{{ nc_nsg }}#{{ subscriptionNumber }}#{{ regionNumber }}#{{ nsg02id }}"
              },
              "routeTable": {
                "id": "/subscriptions/#{{ subscriptionId }}/resourceGroups/#{{ environment }}#{{ proj }}#{{ nc_network }}#{{ nc_resourcegroup }}#{{ subscriptionNumber }}#{{ regionNumber }}#{{ envId }}/providers/Microsoft.Network/routeTables/UDR-Spoke-Route-From-#{{ environment }}#{{ proj }}#{{ nc_network }}#{{ nc_virtualnetwork }}#{{ subscriptionNumber }}#{{ regionNumber }}#{{ vnet01id }}"
              },
              "privateEndpointNetworkPolicies": "Enabled",
              "privateLinkServiceNetworkPolicies": "Enabled"
            }
          }
        ],
        "dnsServers": "#{{ dnsServers }}",
        "customTags": {
          "Name": "#{{ environment }}#{{ proj }}#{{ nc_network }}#{{ nc_virtualnetwork }}#{{ subscriptionNumber }}#{{ regionNumber }}#{{ vnet01id }}",
          "Purpose": "#{{ serviceCodeTag }}-VNET"
        }
      }
    },
    "routeTable": {
      "value": {
        "name": "UDR-Spoke-Route-From-#{{ environment }}#{{ proj }}#{{ nc_network }}#{{ nc_virtualnetwork }}#{{ subscriptionNumber }}#{{ regionNumber }}#{{ vnet01id }}",
        "customTags": {
          "Name": "UDR-Spoke-Route-From-#{{ environment }}#{{ proj }}#{{ nc_network }}#{{ nc_virtualnetwork }}#{{ subscriptionNumber }}#{{ regionNumber }}#{{ vnet01id }}",
          "Purpose": "UDR-SPOKE-ROUTETABLE"
        },
        "virtualApplicanceIp": "#{{ virtualApplicanceIp }}"
      }
    },
    "nsgs": {
      "value": [
        {
          "name": "#{{ environment }}#{{ proj }}#{{ nc_network }}#{{ nc_nsg }}#{{ subscriptionNumber }}#{{ regionNumber }}#{{ nsg01id }}",
          "rules": [
            {
              "name": "ApiInbound",
              "properties": {
                "description": "Management endpoint for Azure portal and PowerShell",
                "protocol": "TCP",
                "sourcePortRange": "*",
                "destinationPortRange": 443,
                "sourceAddressPrefix": "ApiManagement",
                "destinationAddressPrefix": "VirtualNetwork",
                "access": "Allow",
                "priority": 130,
                "direction": "Inbound"
              }
            }
          ],
          "customTags": {
            "Name": "#{{ environment }}#{{ proj }}#{{ nc_network }}#{{ nc_nsg }}#{{ subscriptionNumber }}#{{ regionNumber }}#{{ nsg01id }}",
            "Purpose": "EXTERNAL-APIS-NSG"
          }
        },
        {
          "name": "#{{ environment }}#{{ proj }}#{{ nc_network }}#{{ nc_nsg }}#{{ subscriptionNumber }}#{{ regionNumber }}#{{ nsg02id }}",
          "rules": [
            {
              "name": "ApiInbound",
              "properties": {
                "description": "Management endpoint for Azure portal and PowerShell",
                "protocol": "TCP",
                "sourcePortRange": "*",
                "destinationPortRange": 443,
                "sourceAddressPrefix": "ApiManagement",
                "destinationAddressPrefix": "VirtualNetwork",
                "access": "Allow",
                "priority": 130,
                "direction": "Inbound"
              }
            }
          ],
          "customTags": {
            "Name": "#{{ environment }}#{{ proj }}#{{ nc_network }}#{{ nc_nsg }#{{ subscriptionNumber }}#{{ regionNumber }}#{{ nsg02id }}",
            "Purpose": "EXTERNAL-APIS-NSG"
          }
        }
      ]
    },
    "environment": {
      "value": "#{{ environment }}"
    }
  }
}