{
  "$schema": "https://schema.management.azure.com/schemas/2015-01-01/deploymentParameters.json#",
  "contentVersion": "1.0.0.0",
  "parameters": {
    "vnet": {
      "value": "#{{ appGatewayVirtualNetworkName }}"
    },
    "subnet1": {
      "value": "#{{ secEnv }}#{{ proj }}#{{ environment }}#{{ nc_subnet }}#{{ subscriptionNumber }}#{{ regionNumber }}#{{ envId02 }}"
    },
    "appGwSubnetAddressPrefix": {
      "value": "#{{ appGatewaySubnetAddressPrefixExt }}"
    },
    "appGwNetworkSecurityGroupName": {
      "value": "#{{ secEnv }}#{{ proj }}#{{ environment }}#{{ nc_nsg }}#{{ subscriptionNumber }}#{{ regionNumber }}#{{ envId02 }}"
    },
    "nsgResourceGroup": {
      "value": "#{{ secEnv }}#{{ proj }}#{{ environment }}#{{ nc_resourcegroup }}#{{ subscriptionNumber }}#{{ regionNumber }}#{{ envId02 }}"
    },
    "location": {
      "value": "#{{ location }}"
    },
    "routeTableAGW": {
      "value": "#{{ secGatewayRouteTableName }}"
    }
  }
}