{
  "$schema": "https://schema.management.azure.com/schemas/2015-01-01/deploymentParameters.json#",
  "contentVersion": "1.0.0.0",
  "parameters": {
    "vault": {
      "value": {
        "name": "#{{ environment }}#{{ proj }}#{{ nc_infrastructure }}#{{ nc_keyvault }}#{{ subscriptionNumber }}#{{ regionNumber }}#{{ envId }}",
        "customTags": {
          "Name": "#{{ environment }}#{{ proj }}#{{ nc_infrastructure }}#{{ nc_keyvault }}#{{ subscriptionNumber }}#{{ regionNumber }}#{{ envId }}",
          "Purpose": "#{{ proj }}-KEYVAULT",
          "ServiceCode": "#{{ proj }}",
          "ServiceName": "#{{ proj }}"
        },
        "accessPolicies": []
      }
    },
    "tenantId": {
      "value": "#{{ tenantId }}"
    },
    "privateEndpointName": {
      "value": "#{{ environment }}#{{ proj }}#{{ nc_infrastructure }}#{{ nc_keyvault }}#{{ subscriptionNumber }}#{{ regionNumber }}#{{ envId }}-pe"
    },
    "network": {
      "value": {
        "resourceGroup": "#{{ environment }}#{{ proj }}#{{ nc_network }}#{{ nc_resourcegroup }}#{{ subscriptionNumber }}#{{ regionNumber }}#{{ envId }}",
        "vnetName": "#{{ environment }}#{{ proj }}#{{ nc_network }}#{{ nc_virtualnetwork }}#{{ subscriptionNumber }}#{{ regionNumber }}#{{ vnet01id }}",
        "subnetName": "#{{ environment }}#{{ proj }}#{{ nc_network }}#{{ nc_subnet }}#{{ subscriptionNumber }}#{{ regionNumber }}#{{ subnet01id }}"
      }
    },
    "environment": {
      "value": "#{{ environment }}"
    },
    "enablePublicAccess": {
      "value": "#{{ enablePublicAccess }}"
    },
    "networkAclsDefaultAction": {
      "value": "Allow"
    },
    "serviceCodeName": {
      "value": "#{{ serviceCodeTag }}"
    },
    "ServiceNName": {
      "value": "#{{ serviceNameTag }}"
    },
    "ServiceTypeName": {
      "value": "#{{ serviceTypeTag }}"
    },
    "auditStorageAccountName": {
      "value":  "#{{ environment-lower }}#{{ lower(proj ) }}#{{ lower(nc_infrastructure) }}#{{ lower(nc_storageaccount) }}#{{ subscriptionNumber }}#{{ regionNumber }}#{{ envId }}"
    },
    "laWorkspaceName": {
      "value": "#{{ environment }}#{{ proj }}#{{ nc_infrastructure }}#{{ nc_loganalytics }}#{{ subscriptionNumber }}#{{ regionNumber }}#{{ envId }}"
    }
  }
}