{
  "$schema": "https://schema.management.azure.com/schemas/2015-01-01/deploymentParameters.json#",
  "contentVersion": "1.0.0.0",
  "parameters": {
    "applicationGatewayName": {
      "value": "#{{ secEnv }}#{{ proj }}#{{ environment }}#{{ nc_appgateway }}#{{ subscriptionNumber }}#{{ regionNumber }}#{{ envId02 }}"
    },
    "appGatewayVirtualNetworkResourceGroupName": {
      "value": "#{{ appGatewayVirtualNetworkResourceGroupName }}"
    },
    "appGatewayVirtualNetworkName": {
      "value": "#{{ appGatewayVirtualNetworkName }}"
    },
    "subnet1": {
      "value": "#{{ secEnv }}#{{ proj }}#{{ environment }}#{{ nc_subnet }}#{{ subscriptionNumber }}#{{ regionNumber }}#{{ envId02 }}"
    },
    "publicIpName": { 
      "value": "#{{ secEnv }}#{{ proj }}#{{ environment }}#{{ nc_publicip }}#{{ subscriptionNumber }}#{{ regionNumber }}#{{ envId02 }}"
    },
    "backendEndpoint": {
      "value": "#{{ backendEndpointExt }}"
    },
    "minCapacity": {
      "value": "#{{ appGatewayMinCapacity }}"
    },
    "maxCapacity": {
      "value": "#{{ appGatewayMaxCapacity }}"
    },
    "wafName": {
      "value": "#{{ secEnv }}#{{ proj }}#{{ environment }}#{{ nc_webappfirewall }}#{{ subscriptionNumber }}#{{ regionNumber }}#{{ envId02 }}"
    },
    "miName": {
      "value": "#{{ secEnv }}#{{ proj }}#{{ environment }}#{{ nc_identity }}#{{ subscriptionNumber }}#{{ regionNumber }}#{{ envId02 }}"
    },
    "wildcardCertKeyVault": {
      "value": "#{{ wildcardCertKeyVaultName }}"
    },
    "wildcardCertKeyVaultRG": {
      "value": "#{{ wildcardCertKeyVaultResourceGroupName }}"
    },
    "starAzureDefraCloudSslCertKeyVaultUri": {
      "value": "https://#{{ wildcardCertKeyVaultName }}.vault.azure.net/secrets/#{{ wildcardCertName }}"
    },
    "location": {
      "value": "#{{ location }}"
    },
    "tags": {
      "value": {
        "ServiceCode": "#{{ serviceCodeTag }}",
        "ServiceName": "#{{ serviceNameTag }}",
        "ServiceType": "#{{ serviceTypeTag }}",
        "Environment": "#{{ environment }}",
        "Location": "#{{ location }}",
        "CreatedDate": "#{{ createdDateTag }}"
      }
    }
  }
}