{
  "$schema": "https://schema.management.azure.com/schemas/2015-01-01/deploymentParameters.json#",
  "contentVersion": "1.0.0.0",
  "parameters": {
    "apimName": {
      "value": "#{{ environment }}#{{ proj }}#{{ nc_infrastructure }}#{{ nc_apimanagement }}#{{ subscriptionNumber }}#{{ regionNumber }}#{{ envId02 }}"
    },
    "cappApiUrl": {
      "value": "#{{ cappApiUrlExt }}"
    },
    "cappOatApiUrl": {
      "value": "#{{ cappOatApiUrlExt }}"
    },
    "deployAll": {
      "value": "#{{ deployAll }}"
    },
    "deployOAT": {
      "value": "#{{ deployOAT }}"
    },
    "cappOriginUrl": {
      "value": "#{{ cappOriginUrlExt }}"
    },
    "cappFormat": {
      "value": "#{{ cappFormatExt }}"
    },
    "aLServiceURL": {
      "value": "#{{ aLServiceURLExt }}"
    },
    "boomicertificateName": {
      "value": "#{{ boomicertificateName }}"
    },
    "alClientAppId": {
      "value": "#{{ alClientAppIdExt }}"
    },
    "alIssuerExt": {
      "value": "#{{ alIssuerExt }}"
    },
    "alBackEndAppId": {
      "value": "#{{ alBackEndAppIdExt }}"
    },
    "chServiceurlv22Ext": {
      "value": "#{{ chServiceurlv22Ext }}"
    },
    "chIssuerV22Ext": {
      "value": "#{{ chIssuerV22Ext }}"
    },
    "chBackEndAppIdV22Ext": {
      "value": "#{{ chBackEndAppIdV22Ext }}"
    },
    "chClientAppIdV22Ext": {
      "value": "#{{ chClientAppIdV22Ext }}"
    }
  }
}