{
  "$schema": "https://schema.management.azure.com/schemas/2015-01-01/deploymentParameters.json#",
  "contentVersion": "1.0.0.1",
  "parameters": {
    "environment": {
      "value": "#{{ environment }}"
    },
    "appInsightsName": {
      "value": "#{{ environment }}#{{ proj }}#{{ nc_infrastructure }}#{{ nc_appinsights }}#{{ subscriptionNumber }}#{{ regionNumber }}#{{ envId }}"
    },
    "lawName": {
      "value": "#{{ environment }}#{{ proj }}#{{ nc_infrastructure }}#{{ nc_loganalytics }}#{{ subscriptionNumber }}#{{ regionNumber }}#{{ envId }}"
    },
    "serviceCodeName": {
      "value": "#{{ serviceCodeTag }}"
    },
    "ServiceNName": {
      "value": "#{{ serviceNameTag }}"
    },
    "ServiceTypeName": {
      "value": "#{{ serviceTypeTag }}"
    },  
    "customTags": {
      "value": {
        "Name": "#{{ environment }}#{{ proj }}#{{ nc_infrastructure }}#{{ nc_appinsights }}#{{ subscriptionNumber }}#{{ regionNumber }}#{{ envId }}",
        "Purpose": "APPLICATION-INSIGHTS",
        "ServiceCode": "#{{ proj }}",
        "ServiceName": "#{{ proj }}"
      }
    }
  }
}
