{
  "$schema": "https://schema.management.azure.com/schemas/2015-01-01/deploymentParameters.json#",
  "contentVersion": "1.0.0.0",
  "parameters": {
    "apimName": {
      "value": "#{{ environment }}#{{ proj }}#{{ nc_infrastructure }}#{{ nc_apimanagement }}#{{ subscriptionNumber }}#{{ regionNumber }}#{{ envId02 }}"
    },
    "location": {
      "value": "#{{ apimlocation }}"
    },
    "tier": {
      "value": "#{{ apimPricingTier }}"
    },
    "capacity": {
      "value": 1
    },
    "adminEmail": {
      "value": "#{{ adminEmail }}"
    },
    "senderemail": {
      "value": "#{{ senderemail }}"
    },
    "organizationName": {
      "value": "#{{ apimOrgName }}"
    },
    "virtualNetworkType": {
      "value": "Internal"
    },
    "customProperties": {
      "value": {
        "Microsoft.WindowsAzure.ApiManagement.Gateway.Security.Protocols.Tls11": false,
        "Microsoft.WindowsAzure.ApiManagement.Gateway.Security.Protocols.Tls10": false,
        "Microsoft.WindowsAzure.ApiManagement.Gateway.Security.Backend.Protocols.Tls11": false,
        "Microsoft.WindowsAzure.ApiManagement.Gateway.Security.Backend.Protocols.Tls10": false,
        "Microsoft.WindowsAzure.ApiManagement.Gateway.Security.Backend.Protocols.Ssl30": true,
        "Microsoft.WindowsAzure.ApiManagement.Gateway.Protocols.Server.Http2": false,
        "Microsoft.WindowsAzure.ApiManagement.Gateway.Security.Ciphers.TripleDes168": false,
        "Microsoft.WindowsAzure.ApiManagement.Gateway.Security.Protocols.Ssl30": true
      }
    },
    "identity": {
      "value": "#{{ apimIdentity }}"
    },
    "appInsightsName": {
      "value": "#{{ environment }}#{{ proj }}#{{ nc_infrastructure }}#{{ nc_appinsights }}#{{ subscriptionNumber }}#{{ regionNumber }}#{{ envId02 }}"
    },
    "publicIPAddress_name": {
      "value": "#{{ publicipNameExt }}"
    },
    "publicIPAddress_name_domain": {
      "value": "#{{ publicipNameDomainExt }}"
    },
    "publicipfqdn": {
      "value": "#{{ publicipfqdnExt }}"
    },
    "subnetID": {
      "value": "/subscriptions/#{{ subscriptionId }}/resourceGroups/#{{ environment }}#{{ proj }}#{{ nc_network }}#{{ nc_resourcegroup }}#{{ subscriptionNumber }}#{{ regionNumber }}#{{ envId02 }}/providers/Microsoft.Network/virtualNetworks/#{{ environment }}#{{ proj }}#{{ nc_network }}#{{ nc_virtualnetwork }}#{{ subscriptionNumber }}#{{ regionNumber }}#{{ vnet02id }}/subnets/#{{ environment }}#{{ proj }}#{{ nc_network }}#{{ nc_subnet }}#{{ subscriptionNumber }}#{{ regionNumber }}#{{ apimSubnetId }}"
    },
    "routeTableName": {
      "value": "UDR-Spoke-Route-From-#{{ environment }}#{{ proj }}#{{ nc_network }}#{{ nc_virtualnetwork }}#{{ subscriptionNumber }}#{{ regionNumber }}#{{ envId02 }}"
    },
    "networkResourceGroupName": {
      "value": "#{{ environment }}#{{ proj }}#{{ nc_network }}#{{ nc_resourcegroup }}#{{ subscriptionNumber }}#{{ regionNumber }}#{{ envId02 }}"
    },
    "apimSubnetNsg": {
      "value": "#{{ apimNSG }}"
    },
    "serviceCodeName": {
      "value": "#{{ serviceCodeTag }}"
    },
    "boomicertificateName": {
      "value": "#{{ boomicertificateName }}"
    },
    "vault": {
      "value": {
        "name": "#{{ environment }}#{{ proj }}#{{ nc_infrastructure }}#{{ nc_keyvault }}#{{ subscriptionNumber }}#{{ regionNumber }}#{{ envId }}"
      }
    },
    "contributorGroup": {
      "value": "#{{ contributorGroup }}"
    },
    "deployAll": {
      "value": "#{{ deployAll }}"
    },
    "apimCustomUrlPrefix": {
      "value": "#{{ apimCustomUrlPrefixExt }}"
    },
    "boomicertificateSecret": {
      "reference": {
        "keyVault": {
          "id": "/subscriptions/#{{ subscriptionId }}/resourceGroups/#{{ environment }}#{{ proj }}#{{ nc_infrastructure }}#{{ nc_resourcegroup }}#{{ subscriptionNumber }}#{{ regionNumber }}#{{ envId }}/providers/Microsoft.KeyVault/vaults/#{{ environment }}#{{ proj }}#{{ nc_infrastructure }}#{{ nc_keyvault }}#{{ subscriptionNumber }}#{{ regionNumber }}#{{ envId }}"
        },
        "secretName": "#{{ boomicertificateSecretName }}"
      }
    },
    "laWorkspaceName": {
      "value": "#{{ environment }}#{{ proj }}#{{ nc_infrastructure }}#{{ nc_loganalytics }}#{{ subscriptionNumber }}#{{ regionNumber }}#{{ envId }}"
    },
    "lawNameResourceGroup": {
      "value": "#{{ environment }}#{{ proj }}#{{ nc_infrastructure }}#{{ nc_resourcegroup }}#{{ subscriptionNumber }}#{{ regionNumber }}#{{ envId }}"
    },
    "starAzureDefraCloudSslCertKeyVaultUri": {
      "value": "https://#{{ wildcardCertKeyVaultName }}.vault.azure.net/secrets/#{{ wildcardCertName }}"
    }
  }
}