{
    "$schema": "https://schema.management.azure.com/schemas/2015-01-01/deploymentParameters.json#",
    "contentVersion": "1.0.0.0",
    "parameters": {
        "profileName": {
            "value": "#{{ frontdoorName }}"
        },
        "skuName": {
            "value": "#{{ frontdoorSKU }}"
        },
        "location": {
            "value": "#{{ frontdoorLocation }}"
        },
        "originHostName": {
            "value": "#{{ frontdoorOriginHostName }}"
        },
        "originHostHeader": {
            "value": "#{{ frontdoorOriginHostHeader }}"
        },
        "originGroupName": {
            "value": "#{{ frontdoorOriginGroupName }}"
        },
        "originName": {
            "value": "#{{ frontdoorOriginName }}"
        },
        "serviceCodeName": {
            "value": "#{{ serviceCodeTag }}"
        }
    }
}