{
  "$schema": "https://schema.management.azure.com/schemas/2015-01-01/deploymentParameters.json#",
  "contentVersion": "1.0.0.0",
  "parameters": {
    "apimName": {
      "value": "#{{ environment }}#{{ proj }}#{{ nc_infrastructure }}#{{ nc_apimanagement }}#{{ subscriptionNumber }}#{{ regionNumber }}#{{ envId }}"
    },
    "aLServiceURL": {
      "value": "#{{ aLServiceURLInt }}"
    },
    "boomicertificateName": {
      "value": "#{{ boomicertificateName }}"
    },
    "cHserviceurlv2": {
      "value": "#{{ cHserviceurlv2Int }}"
    },
    "cHserviceurlv21": {
      "value": "#{{ cHserviceurlv21Int }}"
    },
    "rspApiUrl": {
      "value": "#{{ rspApiUrlInt }}"
    },
    "rspOatApiUrl": {
      "value": "#{{ rspOatApiUrlInt }}"
    },
    "deployAll": {
      "value": "#{{ deployAll }}"
    },
    "deployOAT": {
      "value": "#{{ deployOAT }}"
    },
    "rspFormat": {
      "value": "#{{ rspFormatInt }}"
    },
    "alClientAppId": {
      "value": "#{{ alClientAppIdInt }}"
    },
    "alClientAppId2": {
      "value": "#{{ alClientAppId2Int }}"
    },
    "alBackEndAppId": {
      "value": "#{{ alBackEndAppIdInt }}"
    },
    "cappApiUrl": {
      "value": "#{{ cappApiUrlInt }}"
    },
    "cappOatApiUrl": {
      "value": "#{{ cappOatApiUrlInt }}"
    },
    "cappFormat": {
      "value": "#{{ cappFormatInt }}"
    },
    "chServiceurlv22": {
      "value": "#{{ chServiceurlv22Int }}"
    },
    "chIssuerV22": {
      "value": "#{{ chIssuerV22Int }}"
    },
    "chBackEndAppIdV22": {
      "value": "#{{ chBackEndAppIdV22Int }}"
    },
    "chClientAppIdV22": {
      "value": "#{{ chClientAppIdV22Int }}"
    }
  }
}