{
  "$schema": "https://schema.management.azure.com/schemas/2015-01-01/deploymentParameters.json#",
  "contentVersion": "1.0.0.0",
  "parameters": {
    "appGwNetworkSecurityGroupName": {
      "value": "#{{ secEnv }}#{{ proj }}#{{ environment }}#{{ nc_nsg }}#{{ subscriptionNumber }}#{{ regionNumber }}#{{ envId }}"
    },
    "location": {
      "value": "#{{ location }}"
    },
    "tags": {
      "value": {
        "ServiceCode": "#{{ serviceCodeTag }}",
        "ServiceName": "#{{ serviceNameTag }}",
        "ServiceType": "#{{ serviceTypeTag }}",
        "Environment": "#{{ environment }}",
        "Location": "#{{ location }}",
        "CreatedDate": "#{{ createdDateTag }}"
      }
    }
  }
}