{
    "analyzers": {
      "core": {
        "enabled": true,
        "verbose": true,
        "rules": {
          "no-hardcoded-env-urls": {
            "level": "error"
          },
          "no-unused-params": {
            "level": "error"
          },
          "no-unused-vars": {
            "level": "error"
          },
          "prefer-interpolation": {
            "level": "error"
          },
          "secure-parameter-default": {
            "level": "error"
          },
          "simplify-interpolation": {
            "level": "error"
          },
          "outputs-should-not-contain-secrets": {
            "level": "error"
          },
          "no-loc-expr-outside-params":{
              "level": "warning"
          }
        }
      }
    }
  }