{
  "$schema": "https://schema.management.azure.com/schemas/2019-04-01/deploymentTemplate.json#",
  "contentVersion": "1.0.0.0",
  "metadata": {
    "_generator": {
      "name": "bicep",
      "version": "0.12.40.16777",
      "templateHash": "10498527522850582306"
    }
  },
  "parameters": {
    "vnetInfra": {
      "type": "object",
      "metadata": {
        "description": "The VNET Infra object."
      }
    },
    "routeTable": {
      "type": "object",
      "metadata": {
        "description": "The Route Table object."
      }
    },
    "nsgs": {
      "type": "array",
      "metadata": {
        "description": "The list of NSGS."
      }
    },
    "location": {
      "type": "string",
      "metadata": {
        "description": "The location name."
      }
    },
    "defaultTags": {
      "type": "object",
      "metadata": {
        "description": "The defaults tags object."
      }
    }
  },
  "resources": [
    {
      "type": "Microsoft.Network/routeTables",
      "apiVersion": "2020-05-01",
      "name": "[parameters('routeTable').name]",
      "location": "[parameters('location')]",
      "tags": "[union(parameters('defaultTags'), parameters('routeTable').customTags)]",
      "properties": {
        "disableBgpRoutePropagation": true,
        "routes": [
          {
            "name": "Default",
            "properties": {
              "addressPrefix": "0.0.0.0/0",
              "nextHopType": "VirtualAppliance",
              "nextHopIpAddress": "[parameters('routeTable').virtualApplicanceIp]"
            }
          }
        ]
      }
    },
    {
      "copy": {
        "name": "networkSecurityGroups",
        "count": "[length(parameters('nsgs'))]"
      },
      "type": "Microsoft.Network/networkSecurityGroups",
      "apiVersion": "2019-11-01",
      "name": "[parameters('nsgs')[copyIndex()].name]",
      "location": "[parameters('location')]",
      "tags": "[union(parameters('defaultTags'), parameters('nsgs')[copyIndex()].customTags)]",
      "properties": {
        "securityRules": "[parameters('nsgs')[copyIndex()].rules]"
      }
    },
    {
      "type": "Microsoft.Network/virtualNetworks",
      "apiVersion": "2020-05-01",
      "name": "[parameters('vnetInfra').name]",
      "tags": "[union(parameters('defaultTags'), parameters('vnetInfra').customTags)]",
      "location": "[parameters('location')]",
      "properties": {
        "copy": [
          {
            "name": "subnets",
            "count": "[length(parameters('vnetInfra').subnets)]",
            "input": {
              "name": "[parameters('vnetInfra').subnets[copyIndex('subnets')].name]",
              "properties": {
                "addressPrefix": "[parameters('vnetInfra').subnets[copyIndex('subnets')].addressPrefix]",
                "serviceEndpoints": "[parameters('vnetInfra').subnets[copyIndex('subnets')].serviceEndpoints]",
                "networkSecurityGroup": {
                  "id": "[resourceId('Microsoft.Network/networkSecurityGroups', parameters('vnetInfra').subnets[copyIndex('subnets')].nsgName)]"
                },
                "routeTable": {
                  "id": "[resourceId('Microsoft.Network/routeTables', parameters('vnetInfra').subnets[copyIndex('subnets')].routeTableName)]"
                },
                "privateEndpointNetworkPolicies": "Enabled",
                "privateLinkServiceNetworkPolicies": "Enabled"
              }
            }
          }
        ],
        "dhcpOptions": {
          "dnsServers": "[split(parameters('vnetInfra').dnsServers, ';')]"
        },
        "addressSpace": {
          "addressPrefixes": "[parameters('vnetInfra').addressPrefix]"
        },
        "virtualNetworkPeerings": [],
        "enableDdosProtection": false,
        "enableVmProtection": false
      },
      "dependsOn": [
        "networkSecurityGroups",
        "[resourceId('Microsoft.Network/routeTables', parameters('routeTable').name)]"
      ]
    }
  ]
}